Organization,Followed On
Women's Health Access Matters,Mon Nov 29 21:09:08 UTC 2021
Minority Business Office of Colorado,Wed Nov 24 20:59:30 UTC 2021
Social Finance,Wed Nov 24 20:32:14 UTC 2021
Angels of Impact,Fri Nov 19 04:23:28 UTC 2021
Center for Community Wealth Building,Wed Nov 17 21:09:19 UTC 2021
Trust-Based Philanthropy Project,Sun Nov 14 02:07:28 UTC 2021
International Association for Mass Timber Construction ,Sun Nov 14 00:52:44 UTC 2021
LeaderSwell ,Fri Oct 29 16:57:13 UTC 2021
The Main Street Journal,Fri Oct 15 02:31:45 UTC 2021
Saicos,Sun Oct 10 21:37:22 UTC 2021
Net Impact Case Competition,Sun Oct 10 19:00:22 UTC 2021
Justice Funders,Fri Oct 08 00:23:59 UTC 2021
Maven Hemp Global,Thu Sep 30 15:37:26 UTC 2021
Oikocredit US,Tue Sep 28 18:46:30 UTC 2021
LenGreo,Fri Sep 10 01:59:47 UTC 2021
Prairie Rose Development,Sun Aug 29 02:57:10 UTC 2021
Blu Ox Ventures,Wed Aug 25 23:44:19 UTC 2021
New York State CDFI Coalition,Sat Jul 31 16:58:56 UTC 2021
Intentional Endowments Network,Tue Jul 13 16:19:59 UTC 2021
Main Street 2.0,Sun Jul 04 19:36:18 UTC 2021
Northeast Indiana Regional Partnership,Sun Jun 27 23:00:52 UTC 2021
ZORA,Tue Jun 15 17:46:15 UTC 2021
Colorado Springs Business Journal,Sat Jun 05 02:45:49 UTC 2021
Makeena,Tue Jun 01 14:07:36 UTC 2021
Movement Strategy Center,Thu May 27 15:11:57 UTC 2021
Health and Environmental Funders Network (HEFN),Tue May 25 02:26:58 UTC 2021
Our Money Power,Sat May 22 05:13:24 UTC 2021
EI Advantage,Tue May 18 16:24:33 UTC 2021
BBIProfessional,Wed May 12 00:37:36 UTC 2021
CSU College of Business | MBA Programs,Thu Apr 29 02:35:59 UTC 2021
Innovation Partnerships,Wed Apr 21 18:06:03 UTC 2021
"Vistage Worldwide, Inc.",Wed Apr 07 00:59:34 UTC 2021
Colorado Technology Association,Sun Apr 04 02:55:36 UTC 2021
BTG Pactual,Thu Apr 01 19:33:36 UTC 2021
Palgrave Macmillan,Fri Mar 26 11:51:05 UTC 2021
Arctaris Impact Investors,Tue Mar 23 23:54:48 UTC 2021
Wood River High School,Sun Mar 21 03:59:33 UTC 2021
Inc. Magazine,Sat Mar 20 20:17:48 UTC 2021
Mission Investors Exchange,Sat Mar 20 20:17:43 UTC 2021
the mama 'hood,Fri Mar 19 23:11:38 UTC 2021
Water Foundry,Fri Mar 19 19:46:02 UTC 2021
Nico,Tue Mar 16 20:32:17 UTC 2021
C3E Women in Clean Energy,Tue Mar 02 19:44:23 UTC 2021
Denver South,Tue Feb 23 23:24:09 UTC 2021
SheEOâ„¢ ,Tue Feb 16 21:48:58 UTC 2021
The Libra Foundation,Mon Feb 08 16:16:30 UTC 2021
Established,Wed Feb 03 08:56:32 UTC 2021
Lenderfit,Thu Jan 28 00:33:44 UTC 2021
The Female Lead,Thu Jan 21 03:56:08 UTC 2021
World Trade Center Denver,Thu Jan 14 00:56:53 UTC 2021
"Jason Wiener|p.c., a public benefit corporation",Wed Jan 06 01:30:59 UTC 2021
Strongurl ,Sun Jan 03 23:59:01 UTC 2021
B Local Georgia,Tue Dec 22 20:37:07 UTC 2020
Marketing Loyalty Solutions Inc.,Wed Dec 16 19:01:39 UTC 2020
FairCapital,Wed Dec 16 02:45:51 UTC 2020
ValuesAdvisor,Sat Dec 12 19:33:27 UTC 2020
Custom Learning Atelier,Fri Dec 11 19:17:12 UTC 2020
"Stage5 Industries, LLC",Thu Dec 10 02:23:13 UTC 2020
Common Future,Thu Dec 10 02:22:41 UTC 2020
Black Dog Venture Partners,Wed Dec 02 21:37:48 UTC 2020
SHEFA Mindful Abundance,Wed Dec 02 13:17:01 UTC 2020
Wealth & Giving Fourm,Tue Dec 01 15:00:43 UTC 2020
Small Change,Mon Nov 30 03:20:46 UTC 2020
Bloomberg Philanthropies,Sun Nov 15 16:18:21 UTC 2020
Local Initiatives Support Corporation (LISC),Sun Nov 15 16:18:18 UTC 2020
Full Spectrum Capital Partners,Wed Nov 11 04:37:40 UTC 2020
Play-it Health,Mon Nov 09 20:59:42 UTC 2020
ACE | Access to Capital for Entrepreneurs,Sun Nov 08 03:04:29 UTC 2020
Freeman Capital,Fri Nov 06 01:42:57 UTC 2020
17 Asset Management,Thu Nov 05 22:53:07 UTC 2020
LinkedIn for Nonprofits,Thu Nov 05 14:57:27 UTC 2020
Atlanta Business Chronicle,Wed Nov 04 02:44:09 UTC 2020
Climate Impact Capital,Sat Oct 31 01:20:55 UTC 2020
Urban Land Conservancy,Thu Oct 22 03:24:11 UTC 2020
devlabs,Sun Oct 18 02:01:13 UTC 2020
Colorado State University System,Tue Oct 13 23:56:43 UTC 2020
FINNOVATION Lab,Mon Oct 12 20:26:32 UTC 2020
Indigo Education Company,Wed Oct 07 22:01:40 UTC 2020
The Social Justice Investor,Wed Oct 07 16:50:12 UTC 2020
Halo Group PC,Mon Oct 05 20:02:55 UTC 2020
"Hip Hop For Change, Inc.",Thu Oct 01 23:03:21 UTC 2020
1st Course Capital,Thu Oct 01 19:04:49 UTC 2020
EON432,Tue Sep 29 01:16:28 UTC 2020
Clear Sky Advisors ,Sat Sep 26 15:20:42 UTC 2020
Four Points Funding LLC,Fri Sep 25 03:36:11 UTC 2020
Rise Ventures,Thu Sep 24 19:02:03 UTC 2020
Foundation for Women Warriors,Fri Sep 18 00:28:38 UTC 2020
Urban Focus,Thu Sep 17 03:00:58 UTC 2020
Presencing Institute,Sun Sep 13 23:25:53 UTC 2020
HighCamp Compliance,Fri Sep 11 18:27:58 UTC 2020
CMTREX (Conscious Mercantile Trade Exchange),Tue Sep 08 12:25:59 UTC 2020
Sustainalytics,Sun Sep 06 00:00:03 UTC 2020
CoPeace,Sat Sep 05 20:53:39 UTC 2020
"Miller & Associates CPAs, LLC",Fri Sep 04 18:07:45 UTC 2020
Bulldog Payroll LLC,Fri Sep 04 18:07:43 UTC 2020
Upcycled Food Association,Thu Sep 03 22:06:21 UTC 2020
DEMSW - democrastreetwear,Thu Aug 20 22:45:45 UTC 2020
S + V Partners ,Wed Aug 12 18:23:22 UTC 2020
Fedcompliance.net,Mon Aug 10 16:15:12 UTC 2020
NEXUS Global Summit,Wed Aug 05 22:47:31 UTC 2020
InScribe,Wed Aug 05 00:48:42 UTC 2020
Streeqt,Wed Aug 05 00:48:40 UTC 2020
The Valued Advisor Fund,Wed Aug 05 00:48:39 UTC 2020
Herosmyth,Thu Jul 30 18:19:34 UTC 2020
Net Impact Delhi University,Wed Jul 29 14:02:00 UTC 2020
Revolution Systems LLC,Mon Jul 27 18:01:13 UTC 2020
Zebras Unite,Mon Jul 27 00:50:23 UTC 2020
One Step Closer (OSC),Wed Jul 22 15:22:47 UTC 2020
Roshem Foundation,Tue Jul 21 14:05:00 UTC 2020
Lightning eMotors,Sat Jul 11 22:01:51 UTC 2020
Impact Charitable,Fri Jul 10 04:07:46 UTC 2020
Mycoo,Wed Jul 08 06:41:13 UTC 2020
Canadian Angel Investment Foundation,Sun Jul 05 22:40:21 UTC 2020
As You Sow,Thu Jul 02 21:30:58 UTC 2020
Clean Energy Ventures,Thu Jul 02 01:51:12 UTC 2020
Forefront Education,Tue Jun 30 21:44:45 UTC 2020
Women's Leadership Foundation,Sat Jun 27 16:19:44 UTC 2020
AJL Foundation,Fri Jun 26 23:50:49 UTC 2020
The Village Institute,Fri Jun 26 01:17:54 UTC 2020
Sistahbiz Global Network,Fri Jun 26 01:17:47 UTC 2020
The Colorado Sun,Fri Jun 26 01:17:43 UTC 2020
Regenerative Rising,Fri Jun 19 18:43:42 UTC 2020
Multiplier,Fri Jun 19 01:35:42 UTC 2020
Philanthropy Expert,Tue Jun 16 17:26:30 UTC 2020
Who's Who in Financial Innovation and Impact Investing,Tue Jun 16 17:11:38 UTC 2020
Dr. Stephanie Gripne,Mon Jun 15 23:49:33 UTC 2020
goodshyft - CLOSED,Mon Jun 15 23:27:25 UTC 2020
Realize Impact,Mon Jun 15 15:41:54 UTC 2020
Compatible Ventures LLC,Mon Jun 15 15:41:54 UTC 2020
Focused Strategy LLC,Mon Jun 08 13:49:20 UTC 2020
The Dakota Foundation,Tue Jun 02 19:35:17 UTC 2020
Pacific Community Ventures (PCV),Fri Apr 17 21:11:18 UTC 2020
NextFifty Initiative,Thu Apr 02 17:08:33 UTC 2020
Xcel Energy,Wed Apr 01 17:12:51 UTC 2020
Community Foundation of Northern Colorado,Wed Mar 18 22:46:31 UTC 2020
BeauxSimone Consulting,Fri Mar 13 18:22:49 UTC 2020
Council on Tall Buildings and Urban Habitat - CTBUH,Tue Mar 10 06:31:10 UTC 2020
Net Impact ESMT Berlin,Wed Mar 04 05:53:05 UTC 2020
Net Impact - Wayne State University,Wed Mar 04 05:52:49 UTC 2020
Women in Kind,Mon Mar 02 17:48:31 UTC 2020
Invest for Better,Fri Feb 28 22:34:07 UTC 2020
Make Philanthropy Work,Tue Feb 25 06:46:12 UTC 2020
Green Alpha Advisors,Fri Feb 21 01:48:58 UTC 2020
Sustainable Food Trade Association,Thu Feb 20 18:41:07 UTC 2020
Impact Entrepreneur,Thu Feb 20 15:32:03 UTC 2020
Natural Products Expo,Fri Feb 14 04:52:42 UTC 2020
Concrete Safaris,Tue Feb 11 03:32:12 UTC 2020
LexDock,Wed Feb 05 02:17:50 UTC 2020
Private College 529 Plan,Sun Jan 19 00:45:50 UTC 2020
Best SEO Solutions,Wed Jan 15 06:09:37 UTC 2020
"Timber Age Systems, Inc.",Sun Jan 12 00:40:51 UTC 2020
NOLS,Sat Jan 04 22:10:56 UTC 2020
GZI,Wed Dec 25 05:06:20 UTC 2019
Walton Family Foundation,Tue Dec 24 17:22:12 UTC 2019
Humble Shapes,Sun Dec 22 15:15:38 UTC 2019
5th Element Group PBC,Thu Dec 19 22:24:25 UTC 2019
Connecting Founders,Thu Dec 19 14:34:01 UTC 2019
EyeCGas-Optical Gas Imaging Solutions by OPGAL,Mon Dec 16 14:28:14 UTC 2019
Minors Studio ,Sun Dec 15 17:25:10 UTC 2019
SoPact | Impact Measurement Done Right,Sat Dec 14 21:48:19 UTC 2019
"4LIFE Innovations, LLP",Sat Dec 14 18:18:21 UTC 2019
Blue Star Recyclers,Fri Dec 13 17:47:30 UTC 2019
Biennial of the Americas,Thu Dec 12 18:33:05 UTC 2019
Blu Family Office,Thu Dec 12 13:01:28 UTC 2019
Circulate Capital,Sat Dec 07 16:30:03 UTC 2019
U.S. Forest Service,Wed Nov 13 17:14:58 UTC 2019
RSF Social Finance,Mon Nov 11 04:13:35 UTC 2019
SOCAP Global,Sun Oct 27 04:20:04 UTC 2019
Net Impact,Sun Oct 27 04:19:57 UTC 2019
TechSoup,Sun Oct 27 04:19:35 UTC 2019
Intentionalist,Sun Oct 27 04:19:32 UTC 2019
KKR & Co. Inc.,Wed Sep 18 18:10:58 UTC 2019
Community Foundation of Greater Fort Wayne,Wed Aug 28 00:31:39 UTC 2019
Tala,Tue Aug 27 16:33:33 UTC 2019
ImpactAlpha,Sun Aug 25 18:59:17 UTC 2019
The Community Foundation for Greater New Haven,Wed Aug 14 19:51:55 UTC 2019
Sustainable Brands,Thu Aug 08 03:40:47 UTC 2019
W.K. Kellogg Foundation,Wed Aug 07 01:49:25 UTC 2019
MacArthur Foundation,Wed Aug 07 01:49:24 UTC 2019
BSR (Business for Social Responsibility),Wed Aug 07 01:49:22 UTC 2019
City and County of Denver,Thu Aug 01 02:43:35 UTC 2019
Center for Creative Leadership,Thu Aug 01 02:43:34 UTC 2019
Denver Business Journal,Thu Aug 01 02:43:29 UTC 2019
B Lab U.S. & Canada,Thu Aug 01 02:43:25 UTC 2019
American Sustainable Business Network,Thu Aug 01 02:43:14 UTC 2019
Fast Company,Thu Aug 01 02:43:01 UTC 2019
United Nations Environment Programme Finance Initiative (UNEP FI),Fri Jul 26 12:02:29 UTC 2019
Toniic,Fri Jul 26 12:02:18 UTC 2019
Campbell & Company,Mon Jul 15 19:35:41 UTC 2019
The New School,Mon Jul 15 16:00:55 UTC 2019
Impact Investing Institute,Mon Jul 15 15:55:16 UTC 2019
SOScial.network,Fri Jun 21 16:01:47 UTC 2019
Relaston Ohio,Wed Jun 12 19:26:09 UTC 2019
Rocky Mountain Children's Health Foundation,Thu Jun 06 17:05:51 UTC 2019
"VERT Sites, LLC",Tue May 28 00:18:20 UTC 2019
Impact Investing Institute,Fri May 17 18:53:03 UTC 2019
The Women's Foundation of Colorado,Fri May 17 18:42:19 UTC 2019
IDM Brand,Fri May 03 01:41:10 UTC 2019
Bitwise Industries,Tue Apr 16 06:15:03 UTC 2019
Colorado Office of Economic Development and International Trade,Sun Apr 07 16:40:14 UTC 2019
ONE WORLD Training & Investments,Sat Mar 23 16:58:31 UTC 2019
Rising Tide Capital,Mon Jun 11 23:18:14 UTC 2018
Women's Forum of Colorado,Sun May 13 23:44:12 UTC 2018
Yampa Valley Community Foundation,Thu Mar 29 00:07:32 UTC 2018
Open Road Alliance,Sat Feb 24 15:15:13 UTC 2018
Boone and Crockett Club,Sat Dec 02 17:49:54 UTC 2017
TILT Investment Management,Sat Oct 21 22:11:36 UTC 2017
The Community Foundation for the National Capital Region,Fri May 26 20:19:19 UTC 2017
Cirrus Insight,Mon Mar 27 19:23:26 UTC 2017
Community Foundation of Utah,Sun Jan 08 00:36:26 UTC 2017
Virginia Tech - Pamplin College of Business,Thu Sep 08 01:35:00 UTC 2016
University of Wisconsin-Stevens Point,Wed Sep 07 14:59:38 UTC 2016
University of Montana,Wed Sep 07 03:57:53 UTC 2016
Utah State University,Mon Sep 05 21:20:11 UTC 2016
Gustavus Adolphus College,Tue Aug 30 00:28:06 UTC 2016
Silvernest,Sun May 08 00:59:46 UTC 2016
The Chicago Community Trust,Thu Mar 17 01:27:34 UTC 2016
BlackRock,Thu Mar 17 01:22:48 UTC 2016
Impact Finance Center,Sat Dec 12 15:18:50 UTC 2015
CO Impact Days,Thu Dec 10 15:40:59 UTC 2015
New Economy Coalition,Sun Nov 08 03:06:34 UTC 2015
Closed Loop Partners,Mon Sep 14 13:06:34 UTC 2015
Torres del Paine Legacy Fund,Fri Sep 11 22:36:22 UTC 2015
TIGER 21,Tue Sep 01 14:05:50 UTC 2015
Colorado Society of CPAs | COCPA,Sun Aug 30 23:31:05 UTC 2015
Harvard Business Review,Sun Aug 30 19:17:46 UTC 2015
Rachel's Network,Sun Aug 30 15:37:25 UTC 2015
Lotus Engineering and Sustainability,Wed Jul 29 01:40:00 UTC 2015
Sonen Capital LLC,Sun Jul 05 05:09:04 UTC 2015
GRITS / Sustainable Endowments Institute,Tue Dec 09 13:23:18 UTC 2014
Waste Farmers,Sun Nov 30 01:47:21 UTC 2014
Michael & Susan Dell Foundation,Fri Nov 28 16:28:01 UTC 2014
Omidyar Network,Sat Nov 22 18:24:38 UTC 2014
Kinship Conservation Fellows,Tue Nov 11 15:03:12 UTC 2014
National Cooperative Business Association CLUSA International (NCBA CLUSA),Sat Nov 08 18:28:21 UTC 2014
Nonprofit Finance Fund,Sat Nov 01 16:34:50 UTC 2014
Techstars,Sat Oct 25 18:06:38 UTC 2014
"TekDry International, Inc.",Sun Mar 30 00:44:46 UTC 2014
The Denver Foundation,Thu Mar 20 23:20:29 UTC 2014
University of Denver - Daniels College of Business,Mon Sep 17 15:41:41 UTC 2012
University of Denver,Sat Jul 13 16:54:14 UTC 2013
Enterprise Community Partners,Fri Oct 08 20:21:28 UTC 2010
Environmental Leadership Program,Mon Jun 07 22:50:38 UTC 2010
Virginia Tech,Mon Jun 07 22:50:38 UTC 2010